Roll No,Name,Contact No,Email,Course,Gender
2023780,Karen Hart,5100529299,karen23780@iiitd.ac.in,BTech,Male
2022012,Jessica Chase,2658610320,jessica22012@iiitd.ac.in,Mtech,Male
2023578,Dakota Smith,4244744247,dakota23578@iiitd.ac.in,PhD,Male
2022809,Cynthia Miranda,3706588971,cynthia22809@iiitd.ac.in,BTech,Male
2021656,Steven Clark,8559381065,steven21656@iiitd.ac.in,Mtech,Female
2023545,Ryan Washington,2577631225,ryan23545@iiitd.ac.in,PhD,Female
2018510,Morgan Long,2488480995,morgan18510@iiitd.ac.in,BTech,Female
2023312,Pamela Smith,5171458753,pamela23312@iiitd.ac.in,Mtech,Male
2020511,Emily Elliott,536710972,emily20511@iiitd.ac.in,PhD,Male
2021976,Allen Phillips,1842082840,allen21976@iiitd.ac.in,BTech,Male
2022019,Christina Buchanan,9149141782,christina22019@iiitd.ac.in,Mtech,Male
2018664,Nicholas Martinez,7437623729,nicholas18664@iiitd.ac.in,PhD,Male
2024804,William Spencer,4656069020,william24804@iiitd.ac.in,BTech,Male
2023976,Peter Roman,9243964048,peter23976@iiitd.ac.in,Mtech,Female
2023550,Linda Brown,7305558224,linda23550@iiitd.ac.in,PhD,Female
2022199,Michael Bray,9209603229,michael22199@iiitd.ac.in,BTech,Female
2018968,Brenda Wright,2534855383,brenda18968@iiitd.ac.in,Mtech,Female
2024140,Linda Jensen,9654073298,linda24140@iiitd.ac.in,PhD,Female
2024537,Jacob Terry,9025539267,jacob24537@iiitd.ac.in,BTech,Male
2024825,Aaron Bridges,7138466702,aaron24825@iiitd.ac.in,Mtech,Male
2023709,Amy Boone,5741559590,amy23709@iiitd.ac.in,PhD,Female
2019745,Gary Patterson,9765676356,gary19745@iiitd.ac.in,BTech,Female
2023350,Christopher Deleon,1469807851,christopher23350@iiitd.ac.in,Mtech,Female
2020872,Mary Williams,4221116310,mary20872@iiitd.ac.in,PhD,Male
2024615,Alicia Lang,546532046,alicia24615@iiitd.ac.in,BTech,Male
2021549,Dawn Mcintyre,9239258879,dawn21549@iiitd.ac.in,Mtech,Female
2022335,Brandon Hernandez,630035204,brandon22335@iiitd.ac.in,PhD,Male
2019823,Philip Clark,3789158704,philip19823@iiitd.ac.in,BTech,Female
2018009,Lisa Hobbs,8962966154,lisa18009@iiitd.ac.in,Mtech,Male
2020019,Michelle Mckenzie,5599978335,michelle20019@iiitd.ac.in,PhD,Male
2024528,Justin Rodgers,737646250,justin24528@iiitd.ac.in,BTech,Male
2021186,Debbie Nguyen,8461680055,debbie21186@iiitd.ac.in,Mtech,Female
2019086,Kimberly Jensen,9352195852,kimberly19086@iiitd.ac.in,PhD,Male
2018918,Christina Reeves,2647357457,christina18918@iiitd.ac.in,BTech,Male
2022190,Pamela Martin,2308355365,pamela22190@iiitd.ac.in,Mtech,Male
2024365,Allison Garcia,1381462114,allison24365@iiitd.ac.in,PhD,Male
2020670,Roger Harrison,4783353233,roger20670@iiitd.ac.in,BTech,Female
2019713,Robin Wilson,6993547239,robin19713@iiitd.ac.in,Mtech,Female
2024224,Michael Carpenter,3890568232,michael24224@iiitd.ac.in,PhD,Male
2023746,Stacey Miller,799831961,stacey23746@iiitd.ac.in,BTech,Female
2023053,Todd Huynh,1335700741,todd23053@iiitd.ac.in,Mtech,Female
2022824,Benjamin Wells,778558742,benjamin22824@iiitd.ac.in,PhD,Female
2024206,John Mccarthy,7799499711,john24206@iiitd.ac.in,BTech,Male
2021442,Brenda Mcpherson,7715577774,brenda21442@iiitd.ac.in,Mtech,Male
2024075,Victor Morales,3512818451,victor24075@iiitd.ac.in,PhD,Male
2021180,Pamela Mason MD,1431322091,pamela21180@iiitd.ac.in,BTech,Male
2019903,Katie Rodriguez,7603334187,katie19903@iiitd.ac.in,Mtech,Male
2020132,Jesse Wong,5388182992,jesse20132@iiitd.ac.in,PhD,Female
2018652,Tara Nunez,5490004008,tara18652@iiitd.ac.in,BTech,Female
2023276,Sally Singh,3361576795,sally23276@iiitd.ac.in,Mtech,Female
2024315,Crystal Lyons,8426605446,crystal24315@iiitd.ac.in,PhD,Female
2022144,Curtis Glass,3217843249,curtis22144@iiitd.ac.in,BTech,Female
2021458,Eric Jones,8037849419,eric21458@iiitd.ac.in,Mtech,Female
2018965,Cassandra Lewis,7013482978,cassandra18965@iiitd.ac.in,PhD,Male
2021727,Robert Carr,621537236,robert21727@iiitd.ac.in,BTech,Male
2019297,Arthur Wilson,6559977192,arthur19297@iiitd.ac.in,Mtech,Female
2018648,Alexandria Logan,3407464088,alexandria18648@iiitd.ac.in,PhD,Male
2019095,Adam Mills,7500933344,adam19095@iiitd.ac.in,BTech,Male
2021636,Kristy Holloway,6913045592,kristy21636@iiitd.ac.in,Mtech,Female
2024629,Jesus Lopez,8097439541,jesus24629@iiitd.ac.in,PhD,Male
2022203,John Smith,7717864819,john22203@iiitd.ac.in,BTech,Male
2022547,Chad Davis,4491882947,chad22547@iiitd.ac.in,Mtech,Male
2021111,Kristina Ramos,1829973827,kristina21111@iiitd.ac.in,PhD,Male
2019434,Samantha Franco,2188856796,samantha19434@iiitd.ac.in,BTech,Female
2018933,Randy Price,7735333835,randy18933@iiitd.ac.in,Mtech,Female
2022649,Robert Garcia,9316546628,robert22649@iiitd.ac.in,PhD,Female
2021012,Lori Johnson,588051256,lori21012@iiitd.ac.in,BTech,Male
2018523,Robert Anderson,860471502,robert18523@iiitd.ac.in,Mtech,Male
2020731,Mrs. Margaret Gonzales,5718447240,mrs.20731@iiitd.ac.in,PhD,Male
2018393,Jo Avila,3903757405,jo18393@iiitd.ac.in,BTech,Male
2024690,Derrick Adams,5739948692,derrick24690@iiitd.ac.in,Mtech,Male
2019137,Colleen Marshall,624011434,colleen19137@iiitd.ac.in,PhD,Female
2022324,Tamara Jensen,8660529286,tamara22324@iiitd.ac.in,BTech,Female
2019357,Jennifer Jones,257103614,jennifer19357@iiitd.ac.in,Mtech,Male
2018041,Melissa Young,815029361,melissa18041@iiitd.ac.in,PhD,Male
2019844,Amanda Dunlap,6762760361,amanda19844@iiitd.ac.in,BTech,Female
2020922,Amber Zamora,270883070,amber20922@iiitd.ac.in,Mtech,Male
2024107,Bridget Foley,3882958700,bridget24107@iiitd.ac.in,PhD,Female
2018782,Tammy Robinson,3966032919,tammy18782@iiitd.ac.in,BTech,Female
2021577,Tracy Adkins,5963914219,tracy21577@iiitd.ac.in,Mtech,Female
2019187,Carl Barrett,9606317865,carl19187@iiitd.ac.in,PhD,Male
2024687,Adam Williams,9972906674,adam24687@iiitd.ac.in,BTech,Male
2018492,Kevin Hawkins,6155489941,kevin18492@iiitd.ac.in,Mtech,Female
2022015,Ryan Williams,8354480890,ryan22015@iiitd.ac.in,PhD,Male
2019857,Jeffrey Ellis,9406911840,jeffrey19857@iiitd.ac.in,BTech,Female
2020879,Thomas Powell,4325478381,thomas20879@iiitd.ac.in,Mtech,Female
2019578,Janice Jackson,3342718817,janice19578@iiitd.ac.in,PhD,Male
2019843,William Hernandez,2254770607,william19843@iiitd.ac.in,BTech,Male
2019777,Adam Porter,795830000,adam19777@iiitd.ac.in,Mtech,Female
2019241,Maurice Larson,3736791382,maurice19241@iiitd.ac.in,PhD,Female
2022975,Justin Robertson,2013865528,justin22975@iiitd.ac.in,BTech,Male
2024669,Brett Smith,2463638255,brett24669@iiitd.ac.in,Mtech,Female
2021254,Barbara Tucker,9641665926,barbara21254@iiitd.ac.in,PhD,Male
2020357,Kimberly Villegas,7224287247,kimberly20357@iiitd.ac.in,BTech,Male
2019691,Jacob Fox,148610368,jacob19691@iiitd.ac.in,Mtech,Female
2022982,Stacy Roberts,6598593512,stacy22982@iiitd.ac.in,PhD,Male
2024806,Jennifer Watts,7023483452,jennifer24806@iiitd.ac.in,BTech,Male
2021906,Lisa Freeman,9430111130,lisa21906@iiitd.ac.in,Mtech,Male
2021378,Daniel Ray,2445176400,daniel21378@iiitd.ac.in,PhD,Male
