Roll No,Name,Contact No,Email ID,Course,Gender
2024580,Samuel Harvey,6425873580,samuel24580@iiitd.ac.in,BTech,Female
2021098,Bethany Cooper,47642350,bethany21098@iiitd.ac.in,Mtech,Male
2020148,Ricardo Richards,8072621134,ricardo20148@iiitd.ac.in,PhD,Male
2021587,Felicia Henderson,5189474729,felicia21587@iiitd.ac.in,BTech,Male
2019156,Tina Robertson,5985829974,tina19156@iiitd.ac.in,Mtech,Male
2021008,Brian Brooks,1618005960,brian21008@iiitd.ac.in,PhD,Female
2018367,Patricia Marshall,3701283629,patricia18367@iiitd.ac.in,BTech,Female
2022002,Kimberly Fitzgerald,6258650351,kimberly22002@iiitd.ac.in,Mtech,Male
2019277,Brian Goodwin,768265978,brian19277@iiitd.ac.in,PhD,Male
2019336,Natalie Hess,8524901804,natalie19336@iiitd.ac.in,BTech,Female
2023108,Craig Berry,4707696816,craig23108@iiitd.ac.in,Mtech,Male
2019751,Amanda Church,2387870839,amanda19751@iiitd.ac.in,PhD,Male
2023906,Nicholas Barrera MD,2684775405,nicholas23906@iiitd.ac.in,BTech,Female
2019903,Johnny Blair,2366412041,johnny19903@iiitd.ac.in,Mtech,Male
2019837,Dana Rogers,6647732773,dana19837@iiitd.ac.in,PhD,Female
2018927,Gina Gillespie,6469206679,gina18927@iiitd.ac.in,BTech,Male
2024107,Noah Vasquez,5812769976,noah24107@iiitd.ac.in,Mtech,Male
2020792,Terry Lewis,5958398328,terry20792@iiitd.ac.in,PhD,Female
2020204,Reginald Griffin DDS,3123956414,reginald20204@iiitd.ac.in,BTech,Female
2020580,Clinton Cole,3937921311,clinton20580@iiitd.ac.in,Mtech,Female
2021343,Cynthia Simmons,7087867601,cynthia21343@iiitd.ac.in,PhD,Female
2019309,Maria Thornton,4479532547,maria19309@iiitd.ac.in,BTech,Female
2024505,James Bradley,1027873870,james24505@iiitd.ac.in,Mtech,Female
2023296,James Glover,7420847170,james23296@iiitd.ac.in,PhD,Female
2019993,Michelle Chapman,5672713167,michelle19993@iiitd.ac.in,BTech,Female
2018819,Jennifer Jones,2296891122,jennifer18819@iiitd.ac.in,Mtech,Female
2022559,Mr. James Garcia,7548410583,mr.22559@iiitd.ac.in,PhD,Female
2023972,Nicholas Kelly,9253721535,nicholas23972@iiitd.ac.in,BTech,Female
2024676,Stephen Clark,4782334369,stephen24676@iiitd.ac.in,Mtech,Male
2024867,Matthew Jarvis,6663525866,matthew24867@iiitd.ac.in,PhD,Male
2023641,Dennis Leblanc,8472409546,dennis23641@iiitd.ac.in,BTech,Male
2023685,Susan Sparks,338996029,susan23685@iiitd.ac.in,Mtech,Male
2021963,James Horn,349114363,james21963@iiitd.ac.in,PhD,Female
2020748,Amanda Bell,6756839785,amanda20748@iiitd.ac.in,BTech,Female
2019718,Marcus Snyder,2614763861,marcus19718@iiitd.ac.in,Mtech,Male
2018669,Jeremiah Wilson,9837528098,jeremiah18669@iiitd.ac.in,PhD,Male
2020096,Daniel Smith,1222473697,daniel20096@iiitd.ac.in,BTech,Female
2024310,Amy Gardner,7134359965,amy24310@iiitd.ac.in,Mtech,Male
2022177,Steven Kim,7720006808,steven22177@iiitd.ac.in,PhD,Female
2018395,Sean Sherman,9477137093,sean18395@iiitd.ac.in,BTech,Male
2019388,Diane Martinez,2429768113,diane19388@iiitd.ac.in,Mtech,Male
2021686,Kimberly Henderson,4950606144,kimberly21686@iiitd.ac.in,PhD,Female
2019902,Leon Molina,5676583224,leon19902@iiitd.ac.in,BTech,Male
2020631,Anita Calhoun,7755713277,anita20631@iiitd.ac.in,Mtech,Male
2021541,Tiffany Ramos,4679420590,tiffany21541@iiitd.ac.in,PhD,Male
2018221,Jessica Daniel,2525904453,jessica18221@iiitd.ac.in,BTech,Female
2022425,Brandon Morris,6808829939,brandon22425@iiitd.ac.in,Mtech,Female
2018704,Sherry Mccormick,9777623455,sherry18704@iiitd.ac.in,PhD,Male
2023437,Peter Harris,8375402106,peter23437@iiitd.ac.in,BTech,Female
2018584,Matthew Black,6846504360,matthew18584@iiitd.ac.in,Mtech,Male
2019105,Alex Gamble,6648265031,alex19105@iiitd.ac.in,PhD,Male
2022935,Mark Henson,3208968553,mark22935@iiitd.ac.in,BTech,Female
2022714,Matthew Martinez,5104202509,matthew22714@iiitd.ac.in,Mtech,Female
2019330,Valerie Mitchell,8291063432,valerie19330@iiitd.ac.in,PhD,Female
2019878,Lisa Wilson,5478408013,lisa19878@iiitd.ac.in,BTech,Male
2018047,Steven Barrett,4721238564,steven18047@iiitd.ac.in,Mtech,Male
2020247,Gary Brown,1720745197,gary20247@iiitd.ac.in,PhD,Male
2018419,Alexa Miller,347368252,alexa18419@iiitd.ac.in,BTech,Female
2023571,Joshua Mora,9380738166,joshua23571@iiitd.ac.in,Mtech,Male
2019125,Tyler Phillips,7082449443,tyler19125@iiitd.ac.in,PhD,Male
2018877,Brianna Day,8738320308,brianna18877@iiitd.ac.in,BTech,Female
2021705,Joshua Henry,8674438358,joshua21705@iiitd.ac.in,Mtech,Female
2024554,Lisa Ruiz,2637200141,lisa24554@iiitd.ac.in,PhD,Male
2018384,Elizabeth Rogers,4141345037,elizabeth18384@iiitd.ac.in,BTech,Male
2024026,Brian Small MD,6298638757,brian24026@iiitd.ac.in,Mtech,Male
2023286,Dr. Latoya Whitaker,4308793252,dr.23286@iiitd.ac.in,PhD,Male
2019575,Matthew Brown,3001380237,matthew19575@iiitd.ac.in,BTech,Male
2018941,Tyler Hendricks,5411980716,tyler18941@iiitd.ac.in,Mtech,Male
2019016,Rachel Peters,2615824181,rachel19016@iiitd.ac.in,PhD,Male
2019008,Ashley Jensen,7617140392,ashley19008@iiitd.ac.in,BTech,Female
2018728,Rebecca Reid,34839076,rebecca18728@iiitd.ac.in,Mtech,Male
2020345,Charles Owens,6692668874,charles20345@iiitd.ac.in,PhD,Female
2018401,James Brown,8416027856,james18401@iiitd.ac.in,BTech,Female
2020579,Noah Obrien,6471595418,noah20579@iiitd.ac.in,Mtech,Male
2023922,Wesley Meadows,1234849837,wesley23922@iiitd.ac.in,PhD,Female
2023862,Kathleen Brady,5765300668,kathleen23862@iiitd.ac.in,BTech,Female
2022886,Tammy Green,5171868410,tammy22886@iiitd.ac.in,Mtech,Male
2018442,Charles Williams,3016438695,charles18442@iiitd.ac.in,PhD,Male
2018799,Tony Bennett,951024090,tony18799@iiitd.ac.in,BTech,Female
2019634,Marco Bird,1608988126,marco19634@iiitd.ac.in,Mtech,Female
2019674,Meghan Holder,9309800921,meghan19674@iiitd.ac.in,PhD,Male
2021585,Frank Chambers,5817237790,frank21585@iiitd.ac.in,BTech,Female
2019723,Katherine Kelly,5195734867,katherine19723@iiitd.ac.in,Mtech,Male
2024007,Sara Robinson,8030389721,sara24007@iiitd.ac.in,PhD,Female
2021137,Daniel Flores,3872090483,daniel21137@iiitd.ac.in,BTech,Male
2020398,Stephanie Patton,6404596033,stephanie20398@iiitd.ac.in,Mtech,Male
2022677,Randall Nelson,4974142327,randall22677@iiitd.ac.in,PhD,Male
2021934,Thomas Palmer,3153654181,thomas21934@iiitd.ac.in,BTech,Female
2021288,Timothy Boyd,8140526450,timothy21288@iiitd.ac.in,Mtech,Female
2020891,Tina Phillips,6461687461,tina20891@iiitd.ac.in,PhD,Male
2019180,Christopher Francis,4736794651,christopher19180@iiitd.ac.in,BTech,Female
2023180,Erica Bennett,7066250990,erica23180@iiitd.ac.in,Mtech,Male
2024562,Gerald Wright,454394925,gerald24562@iiitd.ac.in,PhD,Male
2019863,Allison Warren,8761404690,allison19863@iiitd.ac.in,BTech,Female
2023540,Ryan Salazar,788824731,ryan23540@iiitd.ac.in,Mtech,Female
2019142,Emily Andersen,5217133733,emily19142@iiitd.ac.in,PhD,Male
2021018,Jorge Nichols,8494862951,jorge21018@iiitd.ac.in,BTech,Male
2018297,James Andersen,5461119879,james18297@iiitd.ac.in,Mtech,Male
2022027,Megan Brady,2037507186,megan22027@iiitd.ac.in,PhD,Female
